{
	ObjectID: 41
	File: Default.json
	Name: DistanceModule
	Object: {
	TransformComponent: {
		"mPosition_": {
			x: -7.000000,
			y: 27.000000,
			z: 9.000000
			},
		"mScale_": {
			x: 5.000000,
			y: 2.000000,
			z: 1.000000
			},
		"mRotation_": {
			x: 0.000000,
			y: 0.000000,
			z: 0.000000
			}
		},
	SpriteComponent: {
		"mTextureName": SwitchesModule.png,
		"mOpacity_": 1.000000,
		"mTint_": {
				x: 0.000000,
				y: 0.000000,
				z: 0.000000
				}
		},
	EditorComponent: {
		"tile": false
		}
	},
	ObjectID: 40
	File: Default.json
	Name: DistanceModule
	Object: {
	TransformComponent: {
		"mPosition_": {
			x: -7.000000,
			y: 29.000000,
			z: 9.000000
			},
		"mScale_": {
			x: 5.000000,
			y: 2.000000,
			z: 1.000000
			},
		"mRotation_": {
			x: 0.000000,
			y: 0.000000,
			z: 0.000000
			}
		},
	SpriteComponent: {
		"mTextureName": SliderModule.png,
		"mOpacity_": 1.000000,
		"mTint_": {
				x: 0.000000,
				y: 0.000000,
				z: 0.000000
				}
		},
	EditorComponent: {
		"tile": false
		}
	},
	ObjectID: 39
	File: Default.json
	Name: DistanceModule
	Object: {
	TransformComponent: {
		"mPosition_": {
			x: -7.000000,
			y: 31.000000,
			z: 9.000000
			},
		"mScale_": {
			x: 5.000000,
			y: 2.000000,
			z: 1.000000
			},
		"mRotation_": {
			x: 0.000000,
			y: 0.000000,
			z: 0.000000
			}
		},
	SpriteComponent: {
		"mTextureName": PhotocellModule.png,
		"mOpacity_": 1.000000,
		"mTint_": {
				x: 0.000000,
				y: 0.000000,
				z: 0.000000
				}
		},
	EditorComponent: {
		"tile": false
		}
	},
	ObjectID: 38
	File: Default.json
	Name: DistanceModule
	Object: {
	TransformComponent: {
		"mPosition_": {
			x: -7.000000,
			y: 35.000000,
			z: 9.000000
			},
		"mScale_": {
			x: 5.000000,
			y: 2.000000,
			z: 1.000000
			},
		"mRotation_": {
			x: 0.000000,
			y: 0.000000,
			z: 0.000000
			}
		},
	SpriteComponent: {
		"mTextureName": DistanceModule.png,
		"mOpacity_": 1.000000,
		"mTint_": {
				x: 0.000000,
				y: 0.000000,
				z: 0.000000
				}
		},
	EditorComponent: {
		"tile": false
		}
	},
	ObjectID: 37
	File: Default.json
	Name: DistanceModule
	Object: {
	TransformComponent: {
		"mPosition_": {
			x: -7.000000,
			y: 33.000000,
			z: 9.000000
			},
		"mScale_": {
			x: 5.000000,
			y: 2.000000,
			z: 1.000000
			},
		"mRotation_": {
			x: 0.000000,
			y: 0.000000,
			z: 0.000000
			}
		},
	SpriteComponent: {
		"mTextureName": KnobModule.png,
		"mOpacity_": 1.000000,
		"mTint_": {
				x: 0.000000,
				y: 0.000000,
				z: 0.000000
				}
		},
	EditorComponent: {
		"tile": false
		}
	},
	ObjectID: 26
	File: Default.json
	Name: Default
	Object: {
	TransformComponent: {
		"mPosition_": {
			x: 0.000000,
			y: 30.000000,
			z: 1.000000
			},
		"mScale_": {
			x: 5.000000,
			y: 5.000000,
			z: 1.000000
			},
		"mRotation_": {
			x: 0.000000,
			y: 0.000000,
			z: 0.000000
			}
		},
	PCCameraFollow: {
		},
	SpriteComponent: {
		"mTextureName": Shutdown.png,
		"mOpacity_": 1.000000,
		"mTint_": {
					x: 0.000000,
					y: 0.000000,
					z: 0.000000
					}
		},
	EditorComponent: {
		"tile": false
		},
	KeypadButtonComponent: {
		"mDigit": 101
		}
	},
	ObjectID: 1
	File: Arrow.json
	Name: Arrow
	Object: {
	TransformComponent: {
		"mPosition_": {
			x: 0.000000,
			y: 0.000000,
			z: 3.000000
			},
		"mScale_": {
			x: 1.000000,
			y: 1.000000,
			z: 1.000000
			},
		"mRotation_": {
			x: 0.000000,
			y: 0.000000,
			z: 0.000000
			}
		},
	SpriteComponent: {
		"mTextureName": HeatTracker.png,
		"mOpacity_": 1.000000,
		"mTint_": {
				x: 0.800000,
				y: 0.755999,
				z: 0.755999
				}
		},
	CircleColliderComponent: {
		"mRadius": 0.500000,
		"dynamicState": 2,
		"mOffset": {
					x: 0.000000,
					y: 0.000000,
					z: 0.000000
					},
		"mDensity": 0.000000,
		"mFriction": 0.000000,
		"mGhost": false
		},
	PuzzlePi: {
		"range_": 0.700000,
		"delay_": 1.000000,
		"speed_": 1.000000
		},
	EditorComponent: {
		"tile": false
		}
	},
	ObjectID: 2
	File: Arrow.json
	Name: Sphere
	Object: {
	TransformComponent: {
		"mPosition_": {
			x: 0.000000,
			y: 0.000000,
			z: 2.000000
			},
		"mScale_": {
			x: 6.000000,
			y: 6.000000,
			z: 1.000000
			},
		"mRotation_": {
			x: 0.000000,
			y: 0.000000,
			z: 0.000000
			}
		},
	SpriteComponent: {
		"mTextureName": Radar.png,
		"mOpacity_": 1.000000,
		"mTint_": {
				x: 0.000000,
				y: 0.000000,
				z: 0.000000
				}
		},
	CircleColliderComponent: {
		"mRadius": 3.000000,
		"dynamicState": 0,
		"mOffset": {
					x: 0.000000,
					y: 0.000000,
					z: 0.000000
					},
		"mDensity": 0.000000,
		"mFriction": 0.000000,
		"mGhost": true
		},
	EditorComponent: {
		"tile": false
		}
	},
	ObjectID: 3
	File: RightStick.json
	Name: Checker
	Object: {
	TransformComponent: {
		"mPosition_": {
			x: 5.000000,
			y: 0.000000,
			z: 5.000000
			},
		"mScale_": {
			x: 1.000000,
			y: 1.000000,
			z: 1.000000
			},
		"mRotation_": {
			x: 0.000000,
			y: 0.000000,
			z: 0.000000
			}
		},
	SpriteComponent: {
		"mTextureName": Selector.png,
		"mOpacity_": 1.000000,
		"mTint_": {
				x: 0.000000,
				y: 0.000000,
				z: 0.000000
				}
		},
	CircleColliderComponent: {
		"mRadius": 0.500000,
		"dynamicState": 2,
		"mOffset": {
					x: 0.000000,
					y: 0.000000,
					z: 0.000000
					},
		"mDensity": 0.000000,
		"mFriction": 0.000000,
		"mGhost": true
		},
	EditorComponent: {
		"tile": false
		},
	PuzzleRightStick: {
		}
	},
	ObjectID: 4
	File: PuzzleSpawnObject.json
	Name: PuzzleSpawnObject
	Object: {
	TransformComponent: {
		"mPosition_": {
			x: 15.000000,
			y: 0.000000,
			z: 5.000000
			},
		"mScale_": {
			x: 1.000000,
			y: 1.000000,
			z: 1.000000
			},
		"mRotation_": {
			x: 0.000000,
			y: 0.000000,
			z: 0.000000
			}
		},
	SpriteComponent: {
		"mTextureName": Selector.png,
		"mOpacity_": 1.000000,
		"mTint_": {
				x: 0.000000,
				y: 0.000000,
				z: 0.000000
				}
		},
	PuzzleObjectSpawn: {
		"numOfObjects": 5
		},
	EditorComponent: {
		"tile": false
		}
	},
	ObjectID: 143
	File: Chair.json
	Name: Rainbow
	Object: {
	TransformComponent: {
		"mPosition_": {
			x: -1.150000,
			y: 25.000000,
			z: 8.000000
			},
		"mScale_": {
			x: 1.000000,
			y: 1.000000,
			z: 1.000000
			},
		"mRotation_": {
			x: 0.000000,
			y: 0.000000,
			z: 0.000000
			}
		},
	SpriteComponent: {
		"mTextureName": RainbowSticker.png,
		"mOpacity_": 1.000000,
		"mTint_": {
				x: 0.000000,
				y: 0.000000,
				z: 0.000000
				}
		},
	EditorComponent: {
		"tile": false
		}
	},
	ObjectID: 15
	File: Chair.json
	Name: HintHolder
	Object: {
	TransformComponent: {
		"mPosition_": {
			x: 0.000000,
			y: 10.000000,
			z: 8.000000
			},
		"mScale_": {
			x: 1.000000,
			y: 1.000000,
			z: 1.000000
			},
		"mRotation_": {
			x: 0.000000,
			y: 0.000000,
			z: 0.000000
			}
		},
	SpriteComponent: {
		"mTextureName": Ball.png,
		"mOpacity_": 1.000000,
		"mTint_": {
				x: 0.000000,
				y: 0.000000,
				z: 0.000000
				}
		},
	EditorComponent: {
		"tile": false
		},
	PuzzleHints: {
		}
	},
	ObjectID: 66
	File: KeypadManager.json
	Name: KeypadBackground
	Object: {
	TransformComponent: {
		"mPosition_": {
			x: 6.000000,
			y: 34.000000,
			z: 1.000000
			},
		"mScale_": {
			x: 5.000000,
			y: 1.250000,
			z: 1.000000
			},
		"mRotation_": {
			x: 0.000000,
			y: 0.000000,
			z: 0.000000
			}
		},
	SpriteComponent: {
		"mTextureName": KeypadBackground.png,
		"mOpacity_": 1.000000,
		"mTint_": {
				x: 0.000000,
				y: 0.000000,
				z: 0.000000
				}
		},
	EditorComponent: {
		"tile": false
		},
	KeypadComboManager: {
		}
	},
	ObjectID: 52
	File: TimerManager.json
	Name: TimerManager
	Object: {
	TransformComponent: {
		"mPosition_": {
			x: -0.000000,
			y: 34.000000,
			z: 1.000000
			},
		"mScale_": {
			x: 1.000000,
			y: 1.000000,
			z: 1.000000
			},
		"mRotation_": {
			x: 0.000000,
			y: 0.000000,
			z: 0.000000
			}
		},
	SpriteComponent: {
		"mTextureName": TimerColon.png,
		"mOpacity_": 1.000000,