{
	ObjectID: 11
	File: WoodFloor.json
	Name: Node
	Object: {
	TransformComponent: {
		"mPosition_": {
			x: 0.000000,
			y: -2.000000,
			z: 1.000000
			},
		"mScale_": {
			x: 1.000000,
			y: 1.000000,
			z: 1.000000
			},
		"mRotation_": {
			x: 0.000000,
			y: 0.000000,
			z: 0.000000
			}
		},
	SpriteComponent: {
		"mTextureName": woodcrate.png,
		"mOpacity_": 1.000000,
		"mTint_": {
				x: 0.000000,
				y: 0.000000,
				z: 1.000000
				}
		},
	EditorComponent: {
		"tile": false
		},
	BoxColliderComponent: {
		"mDensity": 0.000000,
		"mHalfSize": {
						x: 0.400000,
						y: 0.400000,
						z: 1.000000
						},
		"dynamicState": 2,
		"mOffset": {
						x: 0.000000,
						y: 0.000000,
						z: 0.000000
						},
		"mFriction": 0.000000,
		"mGhost": true
		},
	PuzzleSwitchNode: {
		"targetValue_": 0
		}
	},
	ObjectID: 10
	File: WoodFloor.json
	Name: Node
	Object: {
	TransformComponent: {
		"mPosition_": {
			x: 3.000000,
			y: 0.000000,
			z: 1.000000
			},
		"mScale_": {
			x: 1.000000,
			y: 1.000000,
			z: 1.000000
			},
		"mRotation_": {
			x: 0.000000,
			y: 0.000000,
			z: 0.000000
			}
		},
	SpriteComponent: {
		"mTextureName": woodcrate.png,
		"mOpacity_": 1.000000,
		"mTint_": {
				x: 0.000000,
				y: 0.000000,
				z: 1.000000
				}
		},
	EditorComponent: {
		"tile": false
		},
	BoxColliderComponent: {
		"mDensity": 0.000000,
		"mHalfSize": {
						x: 0.400000,
						y: 0.400000,
						z: 1.000000
						},
		"dynamicState": 2,
		"mOffset": {
						x: 0.000000,
						y: 0.000000,
						z: 0.000000
						},
		"mFriction": 0.000000,
		"mGhost": true
		},
	PuzzleSwitchNode: {
		"targetValue_": 0
		}
	},
	ObjectID: 9
	File: WoodFloor.json
	Name: Node
	Object: {
	TransformComponent: {
		"mPosition_": {
			x: 2.000000,
			y: -1.000000,
			z: 1.000000
			},
		"mScale_": {
			x: 1.000000,
			y: 1.000000,
			z: 1.000000
			},
		"mRotation_": {
			x: 0.000000,
			y: 0.000000,
			z: 0.000000
			}
		},
	SpriteComponent: {
		"mTextureName": woodcrate.png,
		"mOpacity_": 1.000000,
		"mTint_": {
				x: 0.000000,
				y: 0.000000,
				z: 1.000000
				}
		},
	EditorComponent: {
		"tile": false
		},
	PuzzleSwitchNode: {
		"targetValue_": 0
		},
	BoxColliderComponent: {
		"mDensity": 0.000000,
		"mHalfSize": {
							x: 0.400000,
							y: 0.400000,
							z: 1.000000
							},
		"dynamicState": 2,
		"mOffset": {
							x: 0.000000,
							y: 0.000000,
							z: 0.000000
							},
		"mFriction": 0.000000,
		"mGhost": true
		}
	},
	ObjectID: 7
	File: WoodFloor.json
	Name: Node
	Object: {
	TransformComponent: {
		"mPosition_": {
			x: 5.000000,
			y: -2.000000,
			z: 1.000000
			},
		"mScale_": {
			x: 1.000000,
			y: 1.000000,
			z: 1.000000
			},
		"mRotation_": {
			x: 0.000000,
			y: 0.000000,
			z: 0.000000
			}
		},
	SpriteComponent: {
		"mTextureName": woodfloor.png,
		"mOpacity_": 1.000000,
		"mTint_": {
				x: 0.000000,
				y: 0.000000,
				z: 1.000000
				}
		},
	EditorComponent: {
		"tile": false
		},
	BoxColliderComponent: {
		"mDensity": 0.000000,
		"mHalfSize": {
						x: 0.400000,
						y: 0.400000,
						z: 1.000000
						},
		"dynamicState": 2,
		"mOffset": {
						x: 0.000000,
						y: 0.000000,
						z: 0.000000
						},
		"mFriction": 0.000000,
		"mGhost": true
		},
	PuzzleKnobNode: {
		"targetFrequency_": 9
		}
	},
	ObjectID: 6
	File: WoodFloor.json
	Name: Node
	Object: {
	TransformComponent: {
		"mPosition_": {
			x: 2.000000,
			y: -2.000000,
			z: 1.000000
			},
		"mScale_": {
			x: 1.000000,
			y: 1.000000,
			z: 1.000000
			},
		"mRotation_": {
			x: 0.000000,
			y: 0.000000,
			z: 0.000000
			}
		},
	SpriteComponent: {
		"mTextureName": woodfloor.png,
		"mOpacity_": 1.000000,
		"mTint_": {
				x: 0.000000,
				y: 0.000000,
				z: 1.000000
				}
		},
	EditorComponent: {
		"tile": false
		},
	PuzzleKnobNode: {
		"targetFrequency_": 3
		},
	BoxColliderComponent: {
		"mDensity": 0.000000,
		"mHalfSize": {
							x: 0.400000,
							y: 0.400000,
							z: 1.000000
							},
		"dynamicState": 2,
		"mOffset": {
							x: 0.000000,
							y: 0.000000,
							z: 0.000000
							},
		"mFriction": 0.000000,
		"mGhost": true
		}
	},
	ObjectID: 5
	File: WoodFloor.json
	Name: Node
	Object: {
	TransformComponent: {
		"mPosition_": {
			x: -1.000000,
			y: -2.000000,
			z: 1.000000
			},
		"mScale_": {
			x: 1.000000,
			y: 1.000000,
			z: 1.000000
			},
		"mRotation_": {
			x: 0.000000,
			y: 0.000000,
			z: 0.000000
			}
		},
	SpriteComponent: {
		"mTextureName": woodfloor.png,
		"mOpacity_": 1.000000,
		"mTint_": {
				x: 0.000000,
				y: 0.000000,
				z: 1.000000
				}
		},
	EditorComponent: {
		"tile": false
		},
	BoxColliderComponent: {
		"mDensity": 0.000000,
		"mHalfSize": {
						x: 0.400000,
						y: 0.400000,
						z: 1.000000
						},
		"dynamicState": 2,
		"mOffset": {
						x: 0.000000,
						y: 0.000000,
						z: 0.000000
						},
		"mFriction": 0.000000,
		"mGhost": true
		},
	PuzzleKnobNode: {
		"targetFrequency_": 2
		}
	},
	ObjectID: 4
	File: WoodFloor.json
	Name: Node
	Object: {
	TransformComponent: {
		"mPosition_": {
			x: 5.000000,
			y: -1.000000,
			z: 1.000000
			},
		"mScale_": {
			x: 1.000000,
			y: 1.000000,
			z: 1.000000
			},
		"mRotation_": {
			x: 0.000000,
			y: 0.000000,
			z: 0.000000
			}
		},
	SpriteComponent: {
		"mTextureName": woodfloor.png,
		"mOpacity_": 1.000000,
		"mTint_": {
				x: 0.000000,
				y: 0.000000,
				z: 1.000000
				}
		},
	EditorComponent: {
		"tile": false
		},
	BoxColliderComponent: {
		"mDensity": 0.000000,
		"mHalfSize": {
						x: 0.400000,
						y: 0.400000,
						z: 1.000000
						},
		"dynamicState": 2,
		"mOffset": {
						x: 0.000000,
						y: 0.000000,
						z: 0.000000
						},
		"mFriction": 0.000000,
		"mGhost": true
		},
	PuzzleKnobNode: {
		"targetFrequency_": 4
		}
	},
	ObjectID: 3
	File: WoodFloor.json
	Name: Node
	Object: {
	TransformComponent: {
		"mPosition_": {
			x: -2.000000,
			y: -1.000000,
			z: 1.000000
			},
		"mScale_": {
			x: 1.000000,
			y: 1.000000,
			z: 1.000000
			},
		"mRotation_": {
			x: 0.000000,
			y: 0.000000,
			z: 0.000000
			}
		},
	SpriteComponent: {
		"mTextureName": woodfloor.png,
		"mOpacity_": 1.000000,
		"mTint_": {
				x: 0.000000,
				y: 0.000000,
				z: 1.000000
				}
		},
	EditorComponent: {
		"tile": false
		},
	PuzzleKnobNode: {
		"targetFrequency_": 7
		},
	BoxColliderComponent: {
		"mDensity": 0.000000,
		"mHalfSize": {
							x: 0.400000,
							y: 0.400000,
							z: 1.000000
							},
		"dynamicState": 2,
		"mOffset": {
							x: 0.000000,
							y: 0.000000,
							z: 0.000000
							},
		"mFriction": 0.000000,
		"mGhost": true
		}
	},
	ObjectID: 8
	File: WoodFloor.json
	Name: Node
	Object: {
	TransformComponent: {
		"mPosition_": {
			x: -0.000000,
			y: -0.000000,
			z: 1.000000
			},
		"mScale_": {
			x: 1.000000,
			y: 1.000000,
			z: 1.000000
			},
		"mRotation_": {
			x: 0.000000,
			y: 0.000000,
			z: 0.000000
			}
		},
	SpriteComponent: {
		"mTextureName": woodfloor.png,
		"mOpacity_": 1.000000,
		"mTint_": {
				x: 0.000000,
				y: 0.000000,
				z: 1.000000
				}
		},
	EditorComponent: {
		"tile": false
		},
	BoxColliderComponent: {
		"mDensity": 0.000000,
		"mHalfSize": {
						x: 0.400000,
						y: 0.400000,
						z: 1.000000
						},
		"dynamicState": 2,
		"mOffset": {
						x: 0.000000,
						y: 0.000000,
						z: 0.000000
						},
		"mFriction": 0.000000,
		"mGhost": true
		},
	PuzzleKnobNode: {
		"targetFrequency_": 5
		}
	},
	ObjectID: 2
	File: WoodFloor.json
	Name: Tracker
	Object: {
	TransformComponent: {
		"mPosition_": {
			x: 0.000000,
			y: 1.000000,
			z: 1.000000
			},
		"mScale_": {
			x: 1.000000,
			y: 1.000000,
			z: 1.000000
			},
		"mRotation_": {
			x: 0.000000,
			y: 0.000000,
			z: 0.000000
			}
		},
	PuzzleProgress: {
		"targetForRound_": 2
		},
	SpriteComponent: {
		"mTextureName": woodfloor.png,
		"mOpacity_": 1.000000,