{
	File: B.json
	Name: Fuccboi
	Object: {
	TransformComponent: {
		"mPosition_": {
			x: 0.000000,
			y: 0.000000,
			z: 1.000000
			},
		"mScale_": {
			x: 1.000000,
			y: 1.000000,
			z: 1.000000
			},
		"mRotation_": {
			x: 0.000000,
			y: 0.000000,
			z: 0.000000
			}
		},
	SpriteComponent: {
		"mTextureName": Kakka_Carrot_Veggie.png
		},
	EditorComponent: {
		},
	PlayerControllerComponent: {
		"speed": 1.100000
		},
	BoxColliderComponent: {
		"mHalfSize": {
							x: 0.500000,
							y: 0.500000,
							z: 1.000000
							},
		"mOffset": {
							x: 0.000000,
							y: 0.000000,
							z: 0.000000
							}
		"dynamicState": 2
		"mDensity" : 1.000000
		"mFriction" : 1.000000
		"mGhost" : true
		}
	},
	File: B.json
	Name: Fucc
	Object: {
	TransformComponent: {
		"mPosition_": {
			x: 1.000000,
			y: 2.000000,
			z: 0.000000
			},
		"mScale_": {
			x: 1.000000,
			y: 1.000000,
			z: 1.000000
			},
		"mRotation_": {
			x: 0.000000,
			y: 0.000000,
			z: 0.000000
			}
		},
	SpriteComponent: {
		"mTextureName": Key.png
		},
	EditorComponent: {
		}
	},
}