{
	File: DemoPlayer.json
	Name: Player
	Object: {
	TransformComponent: {
		"mPosition_": {
			x: 0.000000,
			y: -4.000000,
			z: 1.000000
			},
		"mScale_": {
			x: 1.000000,
			y: 1.000000,
			z: 1.000000
			},
		"mRotation_": {
			x: 0.000000,
			y: 0.000000,
			z: 0.000000
			}
		},
	SpriteComponent: {
		"mTextureName": Key.png
		},
	EditorComponent: {
		},
	PCControllerComponent: {
		"speed": 5.000000
		"playerID": 0
		"health": 10
		"sprintSpeed" : 2.000000
		},
	BoxColliderComponent: {
		"mHalfSize": {
							x: 0.500000,
							y: 0.500000,
							z: 1.000000
							},
		"mOffset": {
							x: 0.000000,
							y: 0.000000,
							z: 0.000000
							}
		"dynamicState": 2
		"mDensity" : 1.000000
		"mFriction" : 1.000000
		"mGhost" : false
		}
	}
		File: blah
	Name: Knife
	Object: {
	TransformComponent: {
		"mPosition_": {
			x: 0.000000,
			y: -10.000000,
			z: 1.000000
			},
		"mScale_": {
			x: 0.500000,
			y: 0.500000,
			z: 1.000000
			},
		"mRotation_": {
			x: 0.000000,
			y: 0.000000,
			z: 0.000000
			}
		},
		BoxColliderComponent: {
		"mHalfSize": {
							x: 0.250000,
							y: 0.250000,
							z: 1.000000
							},
		"mOffset": {
							x: 0.000000,
							y: 0.000000,
							z: 0.000000
							}
		"dynamicState": 2
		"mDensity" : 1.000000
		"mFriction" : 1.000000
		"mGhost" : true
		},
		EditorComponent: {
		},
		SpriteComponent: {
		"mTextureName": player.png
		},
		KnifeComponent: {
		}
	}
	File: Coneman.json
	Name: Coneman
	Object: {
	TransformComponent: {
		"mPosition_": {
			x: 0.000000,
			y: 4.000000,
			z: 1.000000
			},
		"mScale_": {
			x: 1.000000,
			y: 1.000000,
			z: 1.000000
			},
		"mRotation_": {
			x: 0.000000,
			y: 0.000000,
			z: 0.000000
			}
		},
	SpriteComponent: {
		"mTextureName": Key.png
		},
	EditorComponent: {
		},
	ConeControllerComponent: {
		"speed": 5.000000
		"playerID": 0
		"health": 10
		"controllerID": 0
		},
	BoxColliderComponent: {
		"mHalfSize": {
							x: 0.500000,
							y: 0.500000,
							z: 1.000000
							},
		"mOffset": {
							x: 0.000000,
							y: 0.000000,
							z: 0.000000
							}
		"dynamicState": 2
		"mDensity" : 1.000000
		"mFriction" : 1.000000
		"mGhost" : false
		}
	}
}