{
TransformComponent: {
	"mPosition_": {
		x: 0.000000,
		y: 0.000000,
		z: 0.000000
	},
	"mScale_": {
		x: 10.000000,
		y: 10.000000,
		z: 10.000000
	},
	"mRotation_": {
		x: 0.000000,
		y: 0.000000,
		z: 0.000000
	}
},
SpriteComponent: {
	"mTexture_": 1
},
PlayerControllerComponent: {
	"speed": 1.100000
},
RigidbodyComponent: {
	"mMass": 0.000000,
	"mVelocity": {
					x: 0.000000,
					y: 0.000000,
					z: 0.000000
				}
},
BoxColliderComponent: {
	"mHalfSize": {
						x: 0.000000,
						y: 0.000000,
						z: 0.000000
					},
	"mOffset": {
						x: 0.000000,
						y: 0.000000,
						z: 0.000000
					}
}
}