{
	File: DemoPlayer.json
	Name: Player
	Object: {
	TransformComponent: {
		"mPosition_": {
			x: 0.000000,
			y: -4.000000,
			z: 1.000000
			},
		"mScale_": {
			x: 1.000000,
			y: 1.000000,
			z: 1.000000
			},
		"mRotation_": {
			x: 0.000000,
			y: 0.000000,
			z: 0.000000
			}
		},
	PCControllerComponent: {
		"sprintSpeed": 2.000000,
		"speed": 5.000000,
		"playerID": 0,
		"health": 10
		"killable": false,
		},
	SpriteComponent: {
		"mTextureName": Key.png
		},
	EditorComponent: {
		},
	BoxColliderComponent: {
		"mDensity": 1.000000,
		"mHalfSize": {
							x: 0.500000,
							y: 0.500000,
							z: 1.000000
							},
		"dynamicState": 2,
		"mOffset": {
							x: 0.000000,
							y: 0.000000,
							z: 0.000000
							},
		"mFriction": 1.000000,
		"mGhost": false
		}
	},
	File: blah
	Name: Knife
	Object: {
	TransformComponent: {
		"mPosition_": {
			x: 0.000000,
			y: -4.000000,
			z: 1.000000
			},
		"mScale_": {
			x: 0.500000,
			y: 0.500000,
			z: 1.000000
			},
		"mRotation_": {
			x: 0.000000,
			y: 0.000000,
			z: 0.000000
			}
		},
	KnifeComponent: {
		},
	BoxColliderComponent: {
		"mDensity": 1.000000,
		"mHalfSize": {
					x: 0.250000,
					y: 0.250000,
					z: 1.000000
					},
		"dynamicState": 2,
		"mOffset": {
					x: 0.000000,
					y: 0.000000,
					z: 0.000000
					},
		"mFriction": 1.000000,
		"mGhost": true
		},
	EditorComponent: {
		},
	SpriteComponent: {
		"mTextureName": player.png
		}
	},
	File: Coneman.json
	Name: Coneman
	Object: {
	TransformComponent: {
		"mPosition_": {
			x: 0.000000,
			y: 4.000000,
			z: 1.000000
			},
		"mScale_": {
			x: 1.000000,
			y: 1.000000,
			z: 1.000000
			},
		"mRotation_": {
			x: 0.000000,
			y: 0.000000,
			z: 0.000000
			}
		},
	SpriteComponent: {
		"mTextureName": Key.png
		},
	EditorComponent: {
		},
	BoxColliderComponent: {
		"mDensity": 1.000000,
		"mHalfSize": {
						x: 0.500000,
						y: 0.500000,
						z: 1.000000
						},
		"dynamicState": 2,
		"mOffset": {
						x: 0.000000,
						y: 0.000000,
						z: 0.000000
						},
		"mFriction": 1.000000,
		"mGhost": false
		},
	ConeControllerComponent: {
		"speed": 5.000000,
		"playerID": 0,
		"health": 2,
		"killable": false,
		"controllerID": 0,
		"bulletSpeed": 20.000000
		}
	}
	File: Cone.json
	Name: Cone
	Object: {
	TransformComponent: {
		"mPosition_": {
			x: 0.000000,
			y: -10.000000,
			z: 1.000000
			},
		"mScale_": {
			x: 0.500000,
			y: 0.500000,
			z: 1.000000
			},
		"mRotation_": {
			x: 0.000000,
			y: 0.000000,
			z: 0.000000
			}
		},
		EditorComponent: {
		},
		SpriteComponent: {
		"mTextureName": player.png
		},
		ConeComponent: {
		}
	}
	File: Goal.json
	Name: Goal
	Object: {
	TransformComponent: {
		"mPosition_": {
			x: 0.000000,
			y: 0.000000,
			z: 1.000000
			},
		"mScale_": {
			x: 2.000000,
			y: 2.000000,
			z: 1.000000
			},
		"mRotation_": {
			x: 0.000000,
			y: 0.000000,
			z: 0.000000
			}
		},
		EditorComponent: {
		},
		SpriteComponent: {
		"mTextureName": player.png
		},
		BoxColliderComponent: {
		"mDensity": 1.000000,
		"mHalfSize": {
						x: 1.000000,
						y: 1.000000,
						z: 1.000000
						},
		"dynamicState": 2,
		"mOffset": {
						x: 0.000000,
						y: 0.000000,
						z: 0.000000
						},
		"mFriction": 1.000000,
		"mGhost": true
		},
		StartManagerComponent: {
		},
	}
}